unknown,telephone_nr,house_number,postcode,city,telephone_nr,house_number,postcode,city
1001569,,998.0,2900 AL,Breda,,13.0,5240 AE,Papendrecht
K59637,0251 - 493 921,246.0,8441 ER,Oosterhout NB,,1.0,3350 AH,Rotterdam
1002387,026 - 8001900,43.0,1100 AP,Dongen,,9007.0,8200 AB,Zwolle
D-00158,046-4389222,110.0,6170 AA,Rosmalen,,161.0,6669 CJ,Rotterdam
K60853,0183-626633;003236411212,20.0,3925 ZJ,Goor,,1025.0,6503 GE,Hendrik-Ido-Ambacht
1001791,,8.0,3440 AM,Groesbeek,0570 503255,6.0,1700 AA,Tiel
D-00151,077 - 3558777,1.0,2260 AB,'s-Hertogenbosch,,2.0,3980 CE,Rosmalen
K60959,038 444 80 60,190.0,2800 AE,Utrecht,,16.0,3430 AM,Dordrecht
K60233,030-2486911,238.0,2800 AV,Heerhugowaard,,26.0,3750 CG,Venlo
K60633,,216.0,3812 RP,Eindhoven,,78.0,3300 AE,Kaatsheuvel
D-00064,038 - 4221411,50.0,5410 AA,Apeldoorn,,4.0,7000 AB,Vianen Ut
K59816,0512-335678,3.0,3980 CB,'s-Gravenhage,,27.0,3442 AB,Beek en Donk
1001544,030 7007 700,1.0,2841 MJ,Venlo,,238.0,3360 AA,Amsterdam
1001711,,240.0,4000 AB,Lelystad,,126.0,8080 AA,IJsselstein Ut
K59550,0229 547700,110.0,3584 BN,Gorinchem,,1.0,5080 AA,Harderwijk
D-00150,14043,10000.0,8200 AB,Heerenveen,030-2306149,203.0,7140 AC,Doetinchem
K60933,088 - 334 4000,120.0,5466 SB,Barendrecht,,37.0,4800 CE,Stolwijk
D-00029,06-52333699 / 073 782 0168,31.0,5231 XA,Drachten,,147.0,3442 AC,Ede Gld
K63361,,46.0,7122 MP,Hoorn NH,030 2359056,9007.0,9350 AC,Rosmalen
K59626,,4185.0,3068 AX,Papendrecht,,7.0,3584 BN,Beesd
1002357,040 - 2825000,232.0,3350 AA,Maarssen,,10000.0,3350 AA,Oosterwolde Fr
K10053,0348 - 432608,27.0,5260 GA,Groningen,,175.0,8200 AB,Kampen
K60873,052  - 9433790,90.0,5741 RR,Terschuur,,2.0,1119 NT,Utrecht
K60796,0541 572200,800.0,5708 HZ,Eindhoven,035 6221192,12600.0,4130 EA,Maarssen
D-00026,,1212.0,3600 BA,Hardinxveld-Giessendam,,3095.0,3440 AM,Bunnik
D-00148,(hoofdkantoor) 0411622036,555.0,4800 CE,Dordrecht,,110.0,7060 AC,Elburg
K61005,0485-586111,1.0,4849 BR,Hoofddorp,,199.0,3526 KL,Maarssen
D-00104,072 - 8200150,536.0,5504 EE,Amersfoort,,6.0,7793 HW,Someren
K48500,040 - 2893893,60.0,4130 EA,Breda,0320,399.0,5708 HZ,Best
1000170,088-2227000,6.0,8600 HA,Deventer,,2823.0,3980 CB,Emmen
K60680,,85767.0,3350 AH,Roosendaal,,233.0,7333 NR,Emmeloord
1002037,0492 - 664 885,13.0,9206 AR,Vianen Ut,,60.0,1911 DB,Ouderkerk aan de Amstel
K60936,0320 278911,3193.0,9751 SL,'s-Hertogenbosch,,1458.0,5384 ZG,Rotterdam
1001997,033-2984985,7.0,3006 AE,Veldhoven,,710.0,7100 AC,Houten
D-00022,0165 584000,10.0,2003 RR,Burgum,,680.0,5600 AJ,Kinderdijk
D-00197,0183-645060,6.0,3980 CC,'s-Gravenhage,0345 - 68 44 36,118.0,6040 AA,'s-Gravenhage
K60993,0344-578578,25.0,6710 AE,Nijverdal,0184 448909,216.0,9285 ZV,Breda
K60707,0653670504,623.0,7471 ST,Stadskanaal,,12.0,2700 AB,Epe
1002199,0183 401155,900.0,1059 CB,Oss,,90156.0,3600 BA,Heerenveen
K60913,,246.0,5248 JT,Capelle aan den IJssel,,2308.0,8440 AA,Drachten
K60789,0527 - 610824,12600.0,3447 GG,Papendrecht,,99.0,7420 AA,Hoogeloon
D-00119,033-2772324,124.0,1704 RD,Bunnik,,16.0,3295 LE,Venlo
K10026,0541 - 572200,120.0,6641 TL,Warmenhuizen,,91.0,4817 BL,Avenhorn
K60148,06-39588342,7.0,4201 HL,Maarheeze,,2546.0,5400 AM,Apeldoorn
K60495,033 2992939,10080.0,1058 AA,Rotterdam,,17.0,3980 CB,Heerhugowaard
1002591,085 - 7731833,1066.0,3002 AP,Lopik,,141.0,8441 ER,Warmenhuizen
1001960,030 2357104,118.0,6422 PD,Bavel,,1025.0,3430 RA,Utrecht
K60904,,69.0,2130 AH,Zwolle,,1026.0,5660 GA,Veghel
K10136,0543-473868,18.0,6202 VB,Gorinchem,,356.0,3515 ET,Gennep
1000891,0341-260045,10000.0,7440 AE,Rijssen,,2017.0,4255 ZG,Terschuur
K60610,0534 - 287880,91.0,4800 DD,Maarssen,0252 22 24 24,17.0,2960 AA,Eindhoven
D-00091,035 6221179,800.0,3360 AA,Heesch,,5225.0,4900 GB,Duiven
D-00085,0416 - 272441,231.0,4700 BA,Rosmalen,,246.0,5600 AN,Goor
K60866,050-5925680,2505.0,8000 AP,Smilde,,120.0,3360 AA,Dordrecht
D-00041,0180 641990,250.0,2960 AB,Zwolle,,5.0,1566 ZG,Drachten
1002206,0314 662445,47.0,6440 AG,Goor,,78.0,5340 BA,Amsterdam
K59638,033 - 467 1511 (9.00-12.00),4933.0,3001 KD,Utrecht,023 5301302,224.0,4600 AA,Diemen
K60303,0162-522202,216.0,1005 HD,Tiel,,240.0,4000 AB,Hengelo Ov
D-00033,0545-294669,13.0,3992 AE,Mierlo,,525.0,8000 AP,Stein Lb
D-00002,0517 - 496100,1.0,8000 AA,Stolwijk,,5.0,6300 AZ,Eindhoven
1002557,0570697911,21523.0,4854 MG,Utrecht,,13.0,3800 AA,Drogeham
D-00038,0546 - 535 111,78.0,3190 AJ,Amsterdam,,42.0,5201 GE,Raamsdonksveer
K59624,010-2651902 040-2914020 cred,13.0,5902 RD,Boxmeer,,67.0,3068 AX,Oudenbosch
D-00025,030-6598966,16.0,3350 AA,Houten,,90065.0,7550 AP,Amsterdam
D-00202,,93.0,4004 LC,Groningen,,43.0,7120 AB,Heerhugowaard
K60864,,4.0,3511 BR,Echt,,3.0,1000 CV,Papendrecht
D-00021,0344 - 615224,6.0,1043 CA,Oldenzaal,,20701.0,3992 AG,Gorinchem
1001885,055 - 5059200,174.0,3481 MH,Werkendam,,5.0,5200 GZ,Doorwerth
1002452,020 3050940,37201.0,2628 RX,Breda,,103.0,9290 AA,Dordrecht
D-00047,,20.0,5161 GE,Roosendaal,,9007.0,7801 CC,Groningen
K60827,074-8200204,136.0,7320 AD,Diemen,0545-295165,555.0,5201 AE,Best
1001700,,1160.0,1633 ZG,Maarssen,,62.0,3990 GD,Veldhoven
D-00181,0492 - 578787,48.0,5830 AC,Wijchen,,10000.0,3089 KP,Assendelft
K10037,020 - 569 5805,2124.0,2130 AK,Geldrop,,164.0,3002 AB,Utrecht
K60559,0512 - 582900,41.0,9723 DV,Woudenberg,,120.0,2260 AB,Maarssen
K10054,030 2199900,1.0,6662 WD,Emmen,,14.0,3800 AA,Almelo
1002178,010 - 28 55 285,26.0,7060 AC,Avenhorn,,93.0,7570 AC,Lichtenvoorde
K60431,"073-5435566 (Rosmalen, 08:30 - 12:00)",13.0,2909 LK,Sliedrecht,,3.0,4940 AB,Lelystad
K60753,,8.0,5600 AA,Eindhoven,,44137.0,3421 BV,Breda
1001747,0342 406406,90.0,2525 KJ,Best,,4234.0,4675 RC,Utrecht
K60374,010-4090400,6.0,5710 AC,Barendrecht,,305.0,2130 AK,Apeldoorn
1002605,010 - 4078 911,99.0,1749 ZG,Amsterdam,,118.0,2509 LP,Rosmalen
D-00077,030-7551520,84.0,7570 AC,Oisterwijk,,15.0,3439 LE,Woerden
K60798,078 6107700,51.0,3295 LE,Groningen,,10100.0,5684 PL,Deventer
K58026,078 673 11 00,4092.0,7420 AA,IJsselstein Ut,,290.0,5600 CE,Rosmalen
1002593,0251 - 499111 (08:30 - 12:30),166.0,3503 RD,Woerden,,60.0,3600 BA,Almere
K60930,0541-537390,72.0,1500 ED,Eindhoven,,253.0,1700 AG,Utrecht
D-00139,030-6868121 / 030-6347914,175.0,3300 AE,Rosmalen,,998.0,5900 AE,Goor
K60790,030 - 6564664,6633.0,1303 AE,Beesd,,4.0,5600 PN,Zierikzee
K60842,079 3170170,1025.0,7600 AR,Maarssen,0318 624954,235.0,1500 ED,Vught
1001652,0543 - 490060,5.0,2990 AB,Eindhoven,,51.0,6170 AA,Valkenswaard
1002512,073 - 543 6912 (08:30 - 12:00),2274.0,2800 AV,Oosterhout NB,,64.0,5504 EE,Kinderdijk
K60412,038 - 3766247,10.0,5800 GC,Alkmaar,,6.0,1106 ZT,Opheusden
K60902,,9007.0,8431 AC,Rosmalen,,20655.0,4854 MG,Helmond
K60912,033-4671511,7.0,3300 AP,Zaandam,0113 502982,216.0,4153 ZH,Bergschenhoek
D-00073,,3161.0,6970 AA,Uden,,70.0,7320 AD,Sint Odiliënberg
K60896,077-3895102,61161.0,5754 PB,Heerhugowaard,,6.0,7570 AA,Woerden
1002318,043-8882010,2.0,7575 EM,Deurne,,2.0,3600 BA,Leek
1002602,0548-853333,680.0,8300 AJ,Udenhout,,166.0,3400 AE,Ootmarsum
1002645,020  6842965 (8:00 - 12:00),699.0,4824 AH,Zwolle,0183 642310,121.0,9200 AD,Rotterdam
K60609,013-5910160,35.0,5700 EV,Gouda,,8.0,6212 XN,Nieuwegein
1000025,088-2102100,29.0,3430 RA,'s-Hertogenbosch,,81.0,6661 EH,'s-Gravendeel
K23100,076 - 5239900,,5201 AE,Helmond,030-6377259,124.0,7400 AC,Someren
1001611,0499 - 767280,94595.0,5680 AB,Drachten,033 2992933,14.0,6641 TL,Deurne
1002253,038-4696068,1458.0,4940 AB,Breda,,110.0,5240 AB,Leuvenheim
K60011,,2131.0,1300 AE,Kinderdijk,,462.0,5528 ZG,Gouda
1002212,,313.0,5240 AE,Breda,,91.0,7570 AJ,Helmond
K60975,,734.0,7460 AA,Vianen Ut,0548 68 88 89,398.0,9251 LV,Gouda
K60891,0184 667200,1025.0,3300 AC,Boxmeer,,1352.0,4000 AN,Deurne
K60860,077 - 387 24 24,2017.0,3430 RA,Bunnik,0341-424842,41.0,3440 AM,Veenendaal
D-00162,,4234.0,5651 GG,Zwolle,,4065.0,3992 AE,Enschede
K60672,0481 - 353202,91.0,1970 CA,Gouda,,16.0,5384 ZG,Utrecht
1001552,0252 22 20 07,16.0,1191 BD,Breda,,2405.0,7460 AA,'s-Gravenhage
D-00175,0348 435100,14.0,8160 AD,Hoorn NH,,10080.0,5830 AC,Oldenzaal
K60903,0592 392111  088-4261581 cred,1768.0,3500 GK,Werkendam,,47.0,7400 AE,Zaandam
K25000,0475 - 532451,41.0,1090 GN,Vroomshoop,,25.0,1190 AB,Harderwijk
K60875,058 2925925,30248.0,6230 AB,Groningen,,72.0,5657 EB,Utrecht
K60744,033 - 4671717 / 033-4671733,21.0,3600 BA,Nieuwegein,,20.0,5281 PL,Leeuwarden
D-00142,0575-565592,132.0,8042 PB,Boxtel,,26.0,7440 AE,Oosterhout NB
1001676,050 3119559,10101.0,2800 AV,Nieuwegein,,34.0,2800 AV,Barneveld
K59618,045 - 567 67 67 (vr tot half 12),238.0,7460 AE,Amsterdam,,15.0,6974 AH,Hoorn NH
D-00039,,287.0,1161 JN,Papendrecht,,1025.0,3990 CG,Dodewaard
K60981,,437.0,1190 AB,Apeldoorn,,13.0,4800 DD,Amsterdam
K60464,,2.0,7570 AH,Son,,46.0,1704 RN,Roermond
K60857,0167 577 277,17.0,7000 AB,Amsterdam,,7.0,5427 ZG,Leeuwarden
K60967,088 - 5500750 dagelijks 8-12 uur,854.0,7120 AB,Best,,2.0,7812 HZ,Breda
1002554,026 - 376 3800,4065.0,7122 LB,Best,,5.0,6040 KB,Spijkenisse
1001519,0546-879555,5.0,2511 BT,Zwolle,,629.0,4600 AA,Tiel
K60628,088 - 5500750 (8:30-17:00) SSC BAM Infra,67.0,4000 AN,Oldenzaal,,1.0,3430 RA,Beuningen Gld
K10044,,2.0,1023 BX,Roosendaal,,5.0,8316 GB,Son
K60661,040-2083444,22.0,3750 GB,Amsterdam,onbekend,21113.0,9200 AD,Almere
K60736,0512 - 592956 ( ma t/m do),53.0,3220 AE,Deurne,,18.0,1001 NR,Barendrecht
K60255,,88.0,3360 AA,Drachten,,4933.0,7300 AP,Eindhoven
1001633,,12.0,4255 HZ,Amsterdam,030-2380344,85767.0,4900 AC,Almere
D-00105,,6.0,3600 BA,Someren,,2212.0,6440 AG,Bergen op Zoom
1002618,0513-634048/0570 679444,1.0,4116 ZJ,Best,0525-685471,190.0,5504 PA,Maarssen
K60888,"073-5435566 (Rosmalen, 08:30 - 12:00)",60.0,5690 AB,Delft,,69.0,3500 GK,Hoogerheide
D-00086,020 - 3428113 administratie A'dam,17.0,8011 CT,'s-Gravendeel,,6.0,3401 BK,Sneek
K60869,0511-54 81 11,120.0,4800 CG,Kollum,0184 667343,50.0,9503 JA,Gouda
K60600,077 - 3232328,19.0,5900 AE,Helmond,,37.0,8080 AB,Terborg
D-00164,036 5399911,67.0,6000 AA,Barneveld,,800.0,3061 CH,Winterswijk
K60513,,2.0,5600 PN,Hellevoetsluis,,161.0,3295 KH,Tilburg
K60819,0515-489000,9.0,7418 ET,Zwolle,,6633.0,3528 AB,Houten
K60928,010 - 2383777,70.0,4196 HG,IJsselstein Ut,,1.0,1005 HD,Nieuwegein
K60158,073 - 5435111,9003.0,9290 AA,Oosterhout NB,010-4478100,133.0,3381 LB,Mierlo
D-00199,,10100.0,9704 CH,Zaltbommel,,216.0,8042 PB,Marknesse
K60898,0478-578444 (Spie Numac Maintenance),37.0,3442 AB,Beek Lb,,2131.0,3208 LJ,Velserbroek
D-00203,0183 50 11 99,4379.0,5201 GE,Hengelo Ov,,50.0,4800 CE,Buren Gld
K60839,06 - 24417243,1025.0,5902 RD,Amsterdam,,60.0,7821 AK,Emmeloord
K60979,088-5500750,599.0,3421 BV,IJmuiden,,31.0,5700 EV,Nieuwegein
K40500,0181 614 117,2823.0,48575,Terborg,,536.0,4116 ZJ,Gorinchem
K59733,14010,37.0,6040 AA,Vianen Ut,,10101.0,6920 AA,Rotterdam
K59897,0162-433334,68.0,5660 GA,Utrecht,,30248.0,5700 AS,IJmuiden
K46310,,164.0,4800 RH,Buitenpost,,9007.0,3190 AJ,Bunnik
1002590,030-2650500,49.0,7333 NR,Venray,,24.0,4941 SG,Bunnik
D-00144,,78.0,3439 MR,Gorinchem,,260.0,3005 EC,IJsselstein Ut
D-00128,0575 - 568 233,305.0,4675 RC,Hoogerheide,,37.0,5754 PB,Utrecht
1001554,0184 - 417114,113.0,8914 BC,Kerkrade,,12.0,21003,Zwijndrecht
K60554,,17.0,3980 CC,Vianen Ut,,60.0,3370 AD,Uden
D-00195,0495 - 58 58 20,7.0,2508 CL,Oldenzaal,,21.0,7630 AA,Papendrecht
K60939,,1025.0,5600 AA,Valkenburg Lb,,23155.0,3980 CA,Winterswijk
1002469,0161 411 916,462.0,3606 AS,Drachten,,748.0,8600 HA,Helmond
1001920,038-4224402,1025.0,5200 GZ,Roermond,0180 641991,2.0,3840 AD,Mierlo
K59681,073 - 5436801,2.0,7630 AA,Helmond,,8.0,5047 TM,Oldenzaal
K60687,0183 - 820300,5225.0,5340 BA,Harmelen,,200.0,5600 AA,Werkendam
1001674,010-4897957 / 010-4896922,210.0,8861 NW,Haaksbergen,,1025.0,8013 PM,Groot-Ammers
K60954,040 - 26 84 012,2823.0,6360 AA,Woerden,,4190.0,2960 AB,Nieuwendijk NB
K33000,0346 581 065,98.0,6190 AA,Doorwerth,,2.0,1100 AP,Tiel
1002189,040 - 2149111,90602.0,6800 AG,Roermond,,623.0,1749 ZG,IJsselstein Ut
K59469,,42.0,6212 XN,Gouda,,418.0,8080 AC,Wijchen
K60013,,202.0,3980 CE,Giessenburg,,69.0,3300 AP,Nieuwegein
K58065,,418.0,3063 NH,Amsterdam,,20175.0,7302 HD,Heerhugowaard
K48700,,37.0,3600 BE,Zwanenburg,,96.0,3980 CA,Nieuwegein
1002291,,69.0,5384 ZG,Zwolle,038-4223197,10100.0,6000 AA,Woerden
K59928,0547 - 284868,290.0,9200 AD,Utrecht,0183 403094,15.0,5680 AB,Nieuwegein
D-00006,078-6910302,23155.0,2509 JE,Meerssen,,2238.0,3400 AA,Best
K59403,,216.0,5300 DA,Heerhugowaard,0570 699337,18.0,5730 AA,Nuth
1002644,0183 401011 076-5431640 cred,5.0,9285 ZV,'s-Hertogenbosch,0229-663333,47.0,7681 KA,Best
K60977,,8185.0,7102 JH,Amsterdam,,161.0,7471 ST,Groot-Ammers
D-00098,088 - 55 00 750 (08:30 - 17:00),38.0,8051 CM,Burgum,,1160.0,8431 AC,Rosmalen
D-00082,0318-695300,2728.0,2990 AA,'s-Hertogenbosch,,10002.0,3505 AB,Beek Lb
1002221,030-2306141,3.0,3005 EC,Tilburg,,2265.0,6030 AA,Alkmaar
D-00109,020-4077100,4.0,1911 DB,Maarssen,,16.0,4200 AE,Dongen
K60250,0344 - 620280,2265.0,5652 AX,Roermond,,10150.0,3980 CE,Roosendaal
1002569,"0493-494888 (ma-do tot 17:00, vr tot 12:30)",60.0,4700 BB,Kampen,,43.0,8300 AJ,Rotterdam
K60921,0511 462 782,141.0,4600 AA,Lelystad,,1013.0,5260 GA,'s-Gravenhage
K60551,,63.0,1700 AA,Eindhoven,,1102.0,2990 AC,Maarssen
K60624,0475 - 478 478,1.0,3195 ND,Papendrecht,,30001.0,5240 AE,Bunschoten Spakenburg
K10045,010 - 299 2288,161.0,8000 AP,Almere,,49.0,6077 NN,Sprang-Capelle
1000780,,18.0,3990 CG,Aalten,,,3600 BA,Werkendam
1002423,076 - 5424142,800.0,8300 BA,Rotterdam,050 3117581,5.0,2800 AV,Sneek
K10012,033-4699199,77.0,8080 AB,Bunnik,0418-644645,120.0,2821 ZN,Zoetermeer
K60971,,1025.0,3750 CG,Brummen,,307.0,2800 AV,Bunnik
1002002,078 - 6417222 ( tot 12:00u),2.0,3009 AN,Nieuwendijk NB,,356.0,5171 PN,Heesch
K60423,040 - 2638888,10.0,6040 KB,Emmen,,13.0,7550 AJ,Breda
K59798,0525 659888,800.0,9288 AG,Gouda,,142.0,6422 PD,Smilde
D-00185,,96.0,4043 JC,Uitgeest,,94744.0,3503 RD,Haarlem
1002609,,71.0,7812 HZ,Leek,,330.0,4043 JC,Venray
1001906,073-6125033,71.0,6865 ZG,Rosmalen,onbekend,100.0,3980 CE,Nieuw Vennep
D-00110,0572 - 371445,77.0,5684 PL,Almere,,14.0,3760 AE,Roermond
K60984,,4.0,5600 AJ,Houten,,900.0,5240 AG,Gronau
1002235,,800.0,5600 AJ,Hengelo Ov,,2.0,3980 CE,Rotterdam
K59822,030 - 2486970,4190.0,6920 AA,Amsterdam,onbekend,8.0,3980 CE,Rotterdam
K60035,0512-583621,13.0,5600 CE,Deventer,,8790.0,3350 AA,Groesbeek
D-00193,,4.0,5071 ND,Rotterdam,onbekend,126.0,8080 AB,Elst Gld
D-00192,0384-560456,235.0,9503 JA,Harlingen,,800.0,2130 AH,Deventer
D-00113,030 2853400,29.0,3980 CB,Utrecht,,9.0,5690 AC,Hoofddorp
D-00075,,104.0,6974 AH,Emmeloord,,90.0,3350 CD,Papendrecht
K60571,,31.0,3006 AE,Groot-Ammers,,68.0,2801 SC,Rotterdam
1002150,"088 - 7565343 niet op di middag, woe en do middag",4.0,3812 RE,Veghel,,1330.0,5102 AE,Rotterdam
K33400,038-4560 456 ; 038-456 0922,1025.0,3511 EP,Dongen,,623.0,2964 ZG,Wenum Wiesel
K60225,073 - 65 80 680,307.0,7720 AA,Hamburg,,98.0,3001 KD,Breda
K60410,030-6598777 (09:00 - 14:00),4.0,2660 AA,Sprang-Capelle,,25.0,7570 AH,Giessenburg
1002263,023 - 7528000,15.0,3350 AH,Houten,,78.0,3600 BA,Nieuwegein
D-00035,0485-586621,20175.0,21003,Rotterdam,,136.0,9422 GT,'s-Gravenhage
K61032,030-2380345,15.0,3528 BG,Heerhugowaard,,62.0,5240 AK,Amsterdam
D-00190,0318 642434,14.0,5060 GA,Eindhoven,,100.0,5700 AC,Haaksbergen
D-00208,,17.0,5240 AK,Rosmalen,,11.0,6400 AC,Houten
K60140,038 - 4560456,6121.0,2821 ZN,Beuningen Gld,,35.0,6360 AA,Drachten
1001492,088-1861600,94148.0,1620 AD,Drogeham,onbekend,38.0,9288 AG,Schiphol-Rijk
K60031,,81.0,6590 HD,Oldenzaal,,1.0,5240 AK,Venlo
1002016,024 - 3975454,166.0,9422 GT,Apeldoorn,,9007.0,5240 AE,Weert
D-00201,018 - 350 8888,5.0,7570 AA,'s-Heerenberg,,287.0,1030 AE,Aalten
1001989,088-9884400,600.0,5427 ZG,Elburg,,800.0,3500 GE,Eindhoven
D-00088,,1.0,7122 MS,Dalfsen,,166.0,3980 CE,Amersfoort
D-00157,078-6448111,8574.0,2960 AA,Sliedrecht,,344.0,48575,Burgum
K60528,,1.0,3980 CE,Bunnik,010 4583775,13.0,3500 GM,Apeldoorn
1002509,073 5436611,15.0,6800 AD,Ede Gld,,231.0,7600 AA,Elburg
K60949,010 4582022,21113.0,8080 AC,Amsterdam,,6.0,5605 JD,Nederweert
D-00096,045-5659100,27.0,4900 AC,Oldenzaal,,4379.0,6662 WD,Burgum
K61003,0184 43 19 11,10.0,5700 AS,Maastricht,,35.0,7000 AE,Vianen Ut
K60957,,13.0,3980 CA,Amsterdam,,19.0,4131 NJ,Kootstertille
K60851,040-2825540,2238.0,3340 AA,Nieuwegein,,2405.0,4041 CL,Rijssen
1002548,030  6860711,19.0,5248 JT,Bunnik,033-2987474,160.0,5680 AD,Apeldoorn
K60970,,203.0,8013 PZ,Grave,+31 512 523639,800346.0,2800 AV,Houten
K60582,088-8010801,224.0,1100 AD,Nunspeet,,12182.0,5902 RD,Woerden
K60797,030 2486911,1.0,4817 BL,Rijssen,,22.0,5710 AC,Amersfoort
K60809,,60.0,3439 LE,Amsterdam,,156.0,7800 RA,Helmond
K60940,078 - 6306300,7.0,2900 AK,Rotterdam,0229 236985,313.0,3350 AH,Zwolle
K60363,078 - 6417281,40.0,5710 AG,Papendrecht,,734.0,7040 AC,Oudewater
1001675,0315 - 339 200,23.0,2700 AB,Hoogeloon,,77.0,6222 NJ,Maastricht
K58051,013-5792911,2.0,4131 NJ,Haarlem,073 6155563,19.0,5240 AE,Elburg
1001864,0251-229089,15.0,2501 CC,'s-Gravenhage,038 8514210,10.0,6190 AA,Sittard
1001824,010 2264935,90065.0,3990 DA,Zwolle,,1025.0,4824 AH,Amsterdam
1001746,030 - 6096111,3.0,5215 MV,Elburg,onbekend,246.0,3350 AH,Hoorn NH
1000950,,160.0,3371 AS,Hattem,,232.0,3350 AA,Harmelen
K60044,0320 265265,135.0,3009 AT,Nuth,020 6510850,72.0,3208 KJ,Echt
D-00017,,14.0,4630 AB,Kinderdijk,,17.0,3440 AM,Breda
K60738,030 - 6598777 (09:00 - 14:00),1080.0,5280 DA,Almelo,,216.0,7130 AD,Bergen op Zoom
K60416,0570 699911,11056.0,2800 AV,Maarssen,,5.0,2501 CC,Rosmalen
D-00079,0525-659666,14.0,3600 BT,Woerden,,1768.0,9203 ZN,Leek
D-00011,0165 - 530499 (ma - wo),201.0,7000 AE,Roosendaal,0162-460890,246.0,5690 AB,Hardinxveld-Giessendam
K61000,020-4962121,44137.0,5202 CG,Helmond,,224.0,8861 NW,Maarssen
K60917,023 - 5319549,1330.0,5240 AK,Wijchen,,418.0,1303 AE,Bunnik
K60445,,147.0,3350 CD,Amsterdam,onbekend,210.0,8013 PZ,Haren Gn
D-00057,0226 391629,483.0,5550 GA,Winterswijk,,34.0,7470 AB,Gouda
K60846,0411-677865,51.0,8900 HM,Winterswijk,,34.0,3001 AM,Ouderkerk aan de Amstel
1001822,0347-369911,16.0,8080 AA,Leeuwarden,0347-374688,2505.0,4196 HG,Eindhoven
K15300,,6073.0,1090 GS,Woerden,,29.0,1633 ZG,Hilvarenbeek
1001499,"025-1261920 ma, di, wo ochtend",34.0,9745 EN,Nieuwegein,,40.0,1970 CA,'s-Hertogenbosch
K59738,020 - 4079829,19.0,4706 PB,Tilburg,078-6398300,21523.0,5750 AA,Sint Philipsland
K60999,0348-554747,7.0,6710 BG,Haren Gn,,2.0,3980 CC,Oldenzaal
D-00008,038 - 4560456,236.0,1101 BG,Maastricht,,250.0,3439 MN,Drachten
K60953,038 4608860,629.0,5240 AE,Venray,,59.0,7521 PH,Oisterwijk
K23900,0345 - 68 44 75,190.0,7483 PA,Utrecht,,22000.0,2496 XA,Utrecht
1002414,0492 - 50 66 66,6.0,3440 AM,Rotterdam,,854.0,1161 JN,Apeldoorn
K58052,0183 642300 088 8262218,174.0,1990 AC,Capelle aan den IJssel,0486-459099,12.0,8000 AP,Bunnik
K11700,0591 - 642536,64.0,3350 AA,Kesteren,,53.0,5803 AP,Roosendaal
K10600,020 - 6966885 (ma t/m do),26.0,6040 AX,Mierlo,,15.0,2660 AA,Papendrecht
D-00034,040 - 2832946,334.0,4250 DA,'s-Hertogenbosch,,2265.0,3770 AB,Capelle aan den IJssel
K60991,06-14001867 Erik Linthorst,121.0,5600 AN,Nijmegen,,9003.0,5700 AD,Amsterdam
D-00120,030 - 288 6513,305.0,7821 AK,Ouderkerk aan de Amstel,,356.0,3006 HC,Rotterdam
D-00122,0181-318122,211.0,5711 DD,Emmen,,78.0,2841 MJ,Almere
1001490,078 6417222,25.0,3901 GA,Aalten,0344-578600,27.0,8160 AD,Valkenswaard
K60560,0184-674444,10100.0,8232 PH,Maarssen,,10.0,5240 AK,Vroomshoop
D-00114,0412 453872,748.0,7302 HD,Almelo,,25.0,1000 CV,Zwolle
1001521,0384-560456,10.0,5657 EB,Venlo,,7196.0,3980 CC,Woerden
K59652,072-750 35 00,63.0,4730 AA,Houten,,50.0,2718 SB,Utrecht
1002592,,35.0,7800 RA,Stein Lb,,8.0,5071 ND,Maastricht
D-00143,070-4455555 Dhr Spoelstra,118.0,5830 AC,Utrecht,0347 329666,11056.0,1303 AE,Rosmalen
K59799,0499-360911,211.0,5400 AM,Hengelo Ov,,6.0,3002 AP,Zaltbommel
1001876,+31 (0)73 543 55 66,126.0,2595 AK,Amsterdam,,415.0,1990 AC,Oldenzaal
1001990,0488 411110,245.0,5690 AC,Ede Gld,030 6039263,305.0,5004 JB,Groningen
1001892,0341-437100,20.0,5384 ZG,Spijkenisse,,1.0,8080 AA,Utrecht
D-00107,0548-539630,29.0,5750 AA,Bunnik,,1.0,8080 AC,'s-Gravenhage
D-00036,,18.0,1000 CV,Boxtel,,2124.0,3511 BR,Helmond
K59404,,356.0,1090 GC,Bunnik,onbekend,174.0,1058 AA,Amsterdam
1002389,085-5772450,2.0,3330 AA,Sliedrecht,,18.0,1023 BX,Groningen
K60268,(0344) 64 90 90 Arjan de Boer 06-52083499,2.0,5240 AE,Groot-Ammers,,273.0,7122 LB,Breda
K60806,024 - 3225522,356.0,6135 KH,Houten,,2.0,4700 BL,Harlingen
1000020,0345 - 579211,623.0,3001 AM,Nieuw Vennep,0183 403583,437.0,9251 LV,Capelle aan den IJssel
K10004,030-2853285/043-3637013,9007.0,8316 GB,Arnhem,,87.0,3503 RD,Kerkrade
K60852,041-2458888,2.0,3528 AB,Hilvarenbeek,,623.0,6600 AD,Hellevoetsluis
K10034,050-3688688,619.0,3063 AN,Rotterdam,,15.0,3340 AA,Hellevoetsluis
D-00003,,43.0,6040 AA,Velserbroek,,1.0,5741 RR,Anerveen
K58007,010-3030400,6.0,6300 AZ,Bergen op Zoom,0525 685471,99.0,2509 JE,Ede Gld
K60285,,94595.0,2171 TP,Marknesse,,90602.0,3980 CC,Breda
1001939,0544 - 471111,20701.0,5528 ZG,Bunnik,,19.0,6800 AD,Zwolle
K61013,,12.0,5240 AB,Rotterdam,0592 353112,33100.0,8071 DA,Delft
K60792,088 1861600 0402500760 cred,99.0,5730 AA,Nieuwegein,,444.0,5731 JL,Heerhugowaard
K59779,,56.0,6661 EH,Hoogvliet Rt,,202.0,8900 HM,Nieuwegein
K60812,,800.0,7600 AD,Epe,,6.0,6710 BG,Zeeland
1002643,,90156.0,3992 AE,Aalten,,5.0,5600 AA,Gouda
K10135,030-6598777 (09:00 - 14:00),30.0,7550 AP,Utrecht,,60.0,7460 AE,Bunnik
D-00200,070 5145420,81.0,1112 XR,Maarssen,088-1861601,228.0,2595 AK,Bunnik
K60484,030 6044282,582.0,1500 AC,Emmen,,8185.0,5360 AA,'s-Gravendeel
D-00169,088-7970788 / 023 5301777 optie 3,3150.0,6460 AP,Rotterdam,,41.0,1620 AD,Elst Gld
K60989,040 - 2083444,1.0,3004 EB,Bunschoten Spakenburg,,10.0,3584 CX,Enschede
1002320,0475 - 395979,100.0,2964 ZG,Roosendaal,0512 - 36 98 71,623.0,2170 AD,Brunssum
K61027,0347 329600,4234.0,9251 LV,Eindhoven,onbekend,101.0,6401 DN,Bunnik
1000620,045 - 560 5040,14.0,2990 AC,Valkenswaard,,6073.0,9704 CH,Boxmeer
K60734,,6.0,1620 AD,Duiven,0488 482215,27.0,3410 CA,Maarssen
D-00194,040 - 2597659,5000.0,3980 CB,Bunschoten Spakenburg,,124.0,1101 BG,Bavel
D-00028,074 - 2405000,200.0,5605 LT,Bunnik,onbekend,2.0,1090 GC,Nijverdal
K60409,0516 520 948,6.0,6100 AL,Capelle aan den IJssel,,17.0,8000 AP,IJmuiden
1002572,088 - 2227000,1.0,5240 AA,Brunssum,,50.0,1190 AB,Kesteren
1002442,038-4672323,1352.0,4460 AA,Boekel,,4.0,6970 AA,Utrecht
K60640,,37.0,3381 LB,Eindhoven,,10.0,6710 AE,Eindhoven
K49100,070 3170700,398.0,6545 CG,Leidschendam,,524.0,4250 DA,Kollum
K60955,050-5347345,34.0,4200 AE,Leuvenheim,,135.0,3600 BE,Heerenveen
K59741,,228.0,7327 JZ,Tiel,,10000.0,6202 VB,Wijchen
D-00018,0485 - 494 141,124.0,9289 HH,Almelo,,67.0,4700 BB,Maarssen
1002496,,5.0,1566 ZG,Rosmalen,,113.0,7418 ET,Nijmegen
K59835,030-2486911,525.0,5600 AJ,Enschede,,29.0,5161 GE,Woudenberg
D-00206,030-2650500,2.0,3760 AE,Eindhoven,,800.0,4706 PB,Oldenzaal
D-00207,,62.0,3208 LJ,Zeeland,,20.0,1059 CB,Gouda
K40101,0547-286386,100.0,9251 LV,Gronau,,245.0,3006 AE,Amsterdam
K59556,030-6378687,9007.0,8080 AA,Hellevoetsluis,,699.0,3481 MH,Hengelo Ov
K22500,0252 - 672293,50.0,3439 MN,Rotterdam,,249.0,3447 GG,Amsterdam
K60779,070-3170700/020 6510800,78.0,3600 BA,Schiphol-Rijk,,6.0,5550 GA,Elburg
K10038,088 - 023 84 60,25.0,7400 AC,Elburg,,130.0,8011 CT,Emmen
K60695,076-5293000,190.0,3401 BK,Rotterdam,,3.0,6560 AC,Vianen Ut
K59594,,273.0,4153 ZH,Buren Gld,,134.0,6865 ZG,Amsterdam
K60963,0165 - 524452,5.0,4041 CL,Rotterdam,,2238.0,5902 RD,Scherpenzeel Gld
K60235,,357.0,6400 AA,Vianen Ut,,77.0,5900 AA,Spijkenisse
K60512,078-6417222,1.0,6030 AA,Dordrecht,,6.0,7345 AS,Bunnik
D-00125,078-6910173,623.0,3500 AH,Utrecht,,16.0,1090 GS,Emmen
K60194,040-2825 540 (08:00 - 12:00),16.0,5240 BB,'s-Gravenhage,,46.0,2003 RR,Grave
K59602,,122.0,3002 AB,Doetinchem,070 3170750,47.0,6040 AX,Doetinchem
K60987,030 - 6569400,8.0,3931 ES,Veenendaal,0591-685599,2240.0,9711 GA,Sliedrecht
K58067,020 - 316 1730,53.0,9350 AC,Hengelo Ov,,2728.0,4131 PA,Raamsdonksveer
K58053,,16.0,3295 KH,Rotterdam,,334.0,5550 AD,Emmen
K60924,040-2825540,1.0,5900 AA,'s-Gravenhage,,450.0,2990 AA,Zwolle
D-00198,0416 - 540 107,5107.0,4800 CG,Harderwijk,,5107.0,6026 PX,Sliedrecht
K59511,0182-547500,18.0,8071 DA,Nieuwegein,055-5382299,124.0,7600 AR,Rosmalen
K60826,020 - 4606060,6.0,7345 AS,Utrecht,,5000.0,8232 PH,Zaandam
D-00182,,50.0,5100 BC,Eindhoven,,236.0,5240 BB,Utrecht
K60419,040 - 264 7676,130.0,7600 AA,Rotterdam,,19.0,3500 GK,Eindhoven
K60942,010-4478444,31.0,7793 HW,Amsterdam,,3150.0,6460 AP,Amsterdam
K60437,040 - 7870910,33100.0,3061 CH,Woerden,,8574.0,3195 ND,Sassenheim
K61012,030 2486221 / 6233,366.0,3430 RA,Papendrecht,0512-583629,187.0,4700 KA,Zwolle
D-00191,013 - 529 2626,22000.0,3208 KJ,Kaatsheuvel,,174.0,7521 PH,Lelystad
K60966,0162 - 575 000,20655.0,1303 AE,Gouda,,37.0,5410 AA,Stadskanaal
1002411,020 - 410 8410,1297.0,8000 AA,Dordrecht,,13.0,7559 SE,Valkenburg Lb
D-00154,073 6155155,32.0,3400 AE,Tricht,,619.0,3925 ZJ,Zwanenburg
K10031,,134.0,3042 HN,Sneek,,599.0,7122 MP,Rosmalen
1001609,0184 - 41 32 88 (di - do - vr + wo ochtend),2405.0,8000 AP,Raamsdonksveer,,1.0,3606 AS,Amsterdam
1001763,,20120.0,3980 CC,Heerlen,0570 637227,4.0,5300 DA,Rosmalen
D-00180,0525-659888,199.0,1106 ZT,Papendrecht,0512-335666,3193.0,6135 KH,Buitenpost
K60226,020 - 3050940,37.0,3526 KL,Ouderkerk aan de Amstel,,15.0,5605 LT,Papendrecht
K60849,050-3185333,6.0,5803 AP,Vught,,118.0,1000 CC,Gouda
K59559,,68.0,4200 AS,Venlo,,7.0,2800 AE,Heerlen
K10046,,59.0,7470 AB,Maarssen,,63.0,5240 AK,Rosmalen
D-00058,026 - 3114329,20.0,2153 GH,Amsterdam,,20.0,3430 BL,Someren
K60289,020-3058500,1.0,6222 NJ,Gorinchem,,12.0,7575 EM,Groenlo
1002282,040-2825540 8.00 en 12.00 uur,246.0,3410 CA,Heerlen,,216.0,8000 AA,Gorinchem
1002277,075 684 7060,38.0,3770 AB,Zaandam,,13.0,3009 AN,Lelystad
K60219,,253.0,1001 NR,Bunnik,,3161.0,2511 BT,Geldrop
K61010,0113 503030 076 5781200 adm,2.0,3772 MN,Zoetermeer,,549.0,5600 AH,Bunnik
1002327,0346-581070,2265.0,3784 XC,Nederweert,,44137.0,5690 AD,Moordrecht
K60470,041-3362926 ma t/m do 1 tot 4,12600.0,3430 RA,Ootmarsum,,216.0,4130 EA,Barendrecht
K60491,,8766.0,9203 ZN,Almere,,40.0,9723 DV,Soest
D-00052,0527 - 610765 (Ilse ma-wo-vr tot 14:00),17.0,3350 AH,Doetinchem,,71.0,4630 AB,Venlo
K60972,0548 - 701361,2.0,5605 JD,Valkenswaard,,40.0,2501 CC,Son
K60448,,19.0,7550 AJ,Rotterdam,,4092.0,3784 XC,Heerlen
K60964,+31 512 582900,35.0,7559 SE,Soest,,623.0,3980 CE,'s-Heerenberg
1002595,,25.0,1970 CA,Rosmalen,,172.0,7600 AD,Hoogvliet Rt
1000188,,41.0,9200 AD,Dorst,,175.0,5600 AJ,Rosmalen
K60658,,1026.0,9701 BG,Zoetermeer,072-750 35 10,2.0,3990 DA,Roosendaal
K60822,010 - 41 06 240,418.0,8606 JJ,Sint Philipsland,,10.0,4800 CG,Maastricht
D-00054,0515 - 413531,8185.0,5360 AA,Apeldoorn,,1212.0,7483 PA,Zwolle
K58028,0591-685555,174.0,4200 AW,Utrecht,,238.0,7122 MS,Arnhem
1000027,040-2825540,3.0,3360 AP,Elst Gld,,132.0,4300 JA,Houten
K60922,,47.0,5240 AG,Rosmalen,,32.0,5466 SB,Deventer
K60083,030-6598141,5.0,6604 LN,Elburg,0511-54 82 39,582.0,3330 AA,Gorinchem
D-00166,,84.0,3430 BL,Maastricht,0343- 432695,29.0,9289 HH,Amersfoort
D-00123,078 - 6441644,18.0,1300 BH,Dodewaard,,84.0,1112 XR,Tilburg
K10023,040-2825540,46.0,4906 BC,Bunnik,,94148.0,5651 GG,Heesch
1001685,088 - 826 23 39,30001.0,2801 SC,Utrecht,,190.0,4200 AS,Gouda
1002315,0486-459000,118.0,2509 LP,Oudewater,,37.0,3901 GA,Heerlen
K60805,073 - 648 4111,3.0,3505 AB,Helmond,,525.0,1100 AD,Nunspeet
K33800,030 2860000,133.0,7140 AC,IJmuiden,onbekend,400.0,1300 BH,Barendrecht
D-00072,020 - 3428105,710.0,1001 NS,Barneveld,,30.0,2525 KJ,Udenhout
K60709,,13.0,9711 GA,Rotterdam,,7.0,8300 BA,Elburg
1002242,0525 - 659 888 Danielle vd Bos (13:00),12345.0,8200 AB,Eindhoven,,483.0,1043 CA,Meerssen
K58039,,1155.0,3006 HK,Sint Odiliënberg,,124.0,9751 SL,Amsterdam
K60804,040 - 75 17 500,10002.0,8260 AC,Zwolle,,96829.0,5800 GC,Brummen
K10052,0570 503250,40.0,8440 AA,Bunnik,0183 50 19 87,6705.0,3430 RA,Leidschendam
D-00102,0182-543210,156.0,7550 AB,Gouda,,35.0,8000 AP,Roermond
K60920,,67.0,7130 AD,'s-Gravendeel,,1025.0,7102 JH,Son
K59619,078 6321020,7196.0,7570 AJ,Zierikzee,0320 278245,47.0,4700 BA,Eindhoven
D-00174,,15.0,3220 AE,Someren,,800.0,8914 BC,Deventer
K60439,025 - 6281960,10.0,4130 EE,Groningen,,121.0,3800 AG,Amsterdam
K60345,055-5382222,344.0,3584 CX,Almere,,2823.0,5100 BC,Elburg
D-00106,036 - 5320200,10.0,1119 NT,Wenum Wiesel,,60.0,2990 AB,Zoetermeer
K60368,046-4359393,24.0,3440 AM,Woerden,,25.0,8606 JJ,Zwolle
K60918,0229 232804,16.0,5550 AD,Amersfoort,onbekend,68.0,7550 AB,'s-Gravenhage
D-00135,034 - 7354444,399.0,7300 AP,Enschede,,19.0,3992 AE,Hoofddorp
D-00183,0493 - 492096,27.0,6669 CJ,Tiel,,18.0,9351 VR,Eindhoven
1000520,0525-659888,5.0,1030 AE,Lelystad,,418.0,5710 AG,Venray
K58064,06 - 53 569 228,18.0,7521 PH,Sassenheim,078-6448112,3.0,2900 AL,Woerden
K60840,088-4464462,34.0,7100 AC,Scherpenzeel Gld,,7.0,1500 AC,Papendrecht
K60976,0591 - 626300,12.0,8080 AB,Groenlo,,2.0,2628 RX,Rosmalen
1001514,0543 561 100,9.0,5171 PN,Rosmalen,,600.0,6800 AG,Sliedrecht
K60982,0184 448900,12182.0,3992 AG,Gouda,,17.0,3220 AE,Amersfoort
1002244,,224.0,6077 NN,Amsterdam,,216.0,3600 BT,Eindhoven
D-00196,,202.0,2718 SB,Weert,,6.0,5600 AJ,Roermond
K60915,0548 68 88 88,78.0,6202 TC,Heesch,,2.0,1001 NS,'s-Gravenhage
K59735,0546 - 644411,17.0,1822 JC,Anerveen,,67.0,5711 DD,Aalten
1002588,,260.0,4941 SG,Apeldoorn,,4185.0,2964 ZG,Maarssen
1002515,0348 - 551 424 (alleen di. & wo),142.0,9351 VR,IJsselstein Ut,,104.0,3430 RA,Rotterdam
K60636,,623.0,3840 AD,Gouda,,418.0,9206 AR,Hengelo Ov
K58050,0578 - 679 111,94744.0,4900 GB,Zwijndrecht,(0344) 64 90 99,10000.0,2800 AV,Bunnik
K58054,010 - 5242424,14.0,6026 PX,Oudenbosch,,250.0,3600 BA,Arnhem
D-00156,055 - 5383700,72.0,5004 JB,Veldhoven,,17.0,4130 EE,Eindhoven
1001654,055 - 5415 222 (ma-di-do-vr),11.0,8013 PM,Moordrecht,,61161.0,5830 AC,Maastricht
D-00032,0599 612438,103.0,3503 RD,Sittard,,23.0,1970 CA,Boxtel
1002521,0183-645060,6.0,1703 AZ,Venlo,,47.0,3772 MN,Vianen Ut
1001638,038 8513009,2240.0,4700 KA,Assendelft,,1080.0,7720 AA,Aalten
K60408,072 - 5762200,13.0,5680 AD,Utrecht,078 6155163,90.0,3931 ES,Boekel
K60262,,415.0,3600 BA,Houten,,201.0,4730 AA,Hamburg
D-00179,,50.0,6560 AC,Elst Gld,0575 - 568 288,4.0,7327 JZ,Oss
D-00167,038 - 4696123,19.0,3600 BA,Son,,8.0,1300 AE,Bunnik
D-00173,0543 - 472501,15.0,5731 JL,Goes,,41.0,5684 PH,Tricht
D-00145,0492 - 74 75 80,9007.0,2800 AV,Kootstertille,,190.0,5240 AA,Utrecht
1001442,088-3366333,67.0,5684 PH,'s-Gravenhage,,202.0,2508 CL,Dongen
D-00112,0594 552420,2308.0,5047 TM,Pernis Rt,,20120.0,3980 CB,Pernis Rt
K59693,,62.0,1090 GN,Gennep,,14.0,4004 LC,Vianen Ut
D-00059,,5.0,4250 DB,Gorinchem,088-8010808,8185.0,2900 AK,Rijssen
K60948,0570 - 503250,8790.0,5080 AA,Opheusden,,20.0,3004 EB,Lopik
K60033,043-6099292,444.0,3565 AN,Deventer,,366.0,2800 AV,Eindhoven
K60929,073-6484111 Marcel Hamers,524.0,7681 KA,Oosterwolde Fr,,246.0,6604 LN,Barneveld
K60994,024 - 6425394,525.0,5708 HR,Utrecht,onbekend,357.0,3300 AC,Eindhoven
K24700,0164 - 614070,525.0,1000 CC,Breda,,12600.0,3800 AA,'s-Hertogenbosch
K58071,0527 - 203334,3.0,3990 GD,Heerenveen,0475-317545,15.0,4207 HB,Nieuwegein
K60908,020 - 631 82 18,800346.0,3515 ET,Emmeloord,,418.0,8260 AC,Boxtel
1002584,031 - 181465100,161.0,3565 AN,Arnhem,,10.0,4800 CG,Maarheeze
1002519,,1102.0,3401 MP,Spijkenisse,,174.0,8000 AA,Almelo
D-00172,074 - 2555 444,2.0,3442 AC,Maastricht,,14.0,3500 GK,Zwolle
1002641,073-5436611,37.0,3846 CG,Harderwijk,,8.0,3750 GB,Aalten
1001753,0299-391405,356.0,4700 BL,Someren,,12345.0,6590 HD,Veldhoven
1001658,0418-681681,1.0,4131 PA,Raamsdonksveer,,295.0,3430 RA,Utrecht
D-00159,0544 - 390 500,60.0,7801 CC,Bergschenhoek,038-4221999,88.0,6202 TC,Almelo
K10048,0492 - 590059,8.0,4300 JA,Lichtenvoorde,,1025.0,1704 RD,Amsterdam
K60814,030-6598777 (09:00 - 14:00),1013.0,7521 PH,Nieuwegein,,800.0,3500 AH,Dorst
K60906,,8.0,4207 HB,Barendrecht,,211.0,1620 AD,Dalfsen
1001636,0495-574000,1.0,5600 AH,'s-Gravenhage,,6121.0,5280 DA,Boxmeer
K61018,,10000.0,1000 CV,Rosmalen,023 5630544,2405.0,1822 JC,Uitgeest
D-00042,,450.0,4131 NJ,Sneek,,81.0,4250 DB,Rotterdam
D-00133,030-2486970,96829.0,1704 RN,Eindhoven,,29.0,2153 GH,Bunnik
1001513,078-6396037,87.0,5700 AD,Leek,,130.0,3846 CG,Bunschoten Spakenburg
K60887,030-2650500,60.0,7041 GB,Elburg,,10.0,4849 BR,Bunnik
1001475,0180 - 640 911,7.0,3980 CE,'s-Gravenhage,,1155.0,3220 AE,Amsterdam
K10133,,4.0,3089 KP,Hoofddorp,,1066.0,3360 AP,Hengelo Ov
1001780,0499-484900,12.0,5281 PL,Hendrik-Ido-Ambacht,(0) 70 514 32 31,525.0,4800 RH,Rotterdam
K60696,010-2981010,161.0,3980 CA,Roermond,0318-621112,31.0,5060 GA,Roosendaal
K60962,030-2306141,10000.0,2496 XA,Eindhoven,,2.0,6100 AL,Zwolle
D-00024,040-2825540 8.00 en 12.00 uur,10150.0,2800 AV,Aalten,,37201.0,6230 AB,Roosendaal
D-00067,,8.0,6600 AD,Beek en Donk,,27.0,4201 HL,'s-Gravenhage
K59851,0493-387711,400.0,4600 AA,Leeuwarden,078 6321055,4.0,5240 AK,Houten
K60916,,330.0,5504 PA,Amsterdam,,4.0,3042 HN,'s-Gravenhage
1002531,,29.0,2964 ZG,Rotterdam,,1.0,3006 HK,Oosterhout NB
K60386,088 - 85 77 777,40.0,3981 AZ,Bergen op Zoom,,37.0,6040 AA,'s-Hertogenbosch
K16400,030 2853030,2.0,5102 AE,Nieuwegein,0229 547701,47.0,4200 AW,Gorinchem
